{
    "rmse": 0.6823335698126355,
    "mae": 0.5304576874186233,
    "r2": 0.2661111278479591
}